y_true,myxgboost,xgboost
5.681877710491787781e+01,8.271267132031729830e+01,6.342306518554687500e+01
-2.806644344226134535e+02,-2.528418907076388678e+02,-3.247073669433593750e+02
-4.675385395433993949e+02,-4.060604668882085662e+02,-4.221250000000000000e+02
2.295685765631905895e+02,2.673592729582624656e+02,2.868483581542968750e+02
1.009868758381804099e+02,6.891747781157326358e+01,1.616867256164550781e+01
-1.052714443595604443e+01,-5.387133052630648677e+00,-1.487664878368377686e-03
-5.592157005686954108e+01,-6.208501076600636992e+00,5.856689929962158203e+00
1.324382106739654716e+02,1.522951084468199099e+02,1.136775207519531250e+02
-1.229579072094446559e+02,-1.128536546223123622e+02,-8.732619476318359375e+01
4.739931338506875704e+02,4.118423312130776708e+02,4.595945434570312500e+02
2.096161262781414791e+01,2.277102946999745470e+01,-7.800330638885498047e+00
-1.218726780194833381e+00,-3.074474747577157174e+01,2.928913593292236328e+00
2.768135735856722590e+02,2.199005260698708071e+02,2.002959442138671875e+02
-1.890883760042532913e+02,-1.600915398524298041e+02,-2.373909454345703125e+02
1.513964350473878824e+02,1.128272081354579655e+02,1.661020965576171875e+02
-2.184570354105010210e+02,-1.783561838282500958e+02,-1.282844238281250000e+02
3.578009415457046316e+01,7.820974927441052671e+01,5.781026077270507812e+01
-1.353133065953009009e+02,-6.825839329363954278e+01,-1.137748107910156250e+02
4.722665056793564275e+01,-1.814498928926045451e+01,4.720489978790283203e+00
-1.301644706751685305e+02,-1.648276593689209335e+02,-1.604132537841796875e+02
1.655264023854648414e+01,4.035846042690565127e+01,-3.356735229492187500e+01
-1.084993650556407516e+02,-7.673139106282076227e+01,-1.429386291503906250e+02
-1.428106611254050904e+02,-1.253874151416342073e+02,-1.520416259765625000e+02
4.586671859768383541e+01,9.713638328402484490e+01,5.720139312744140625e+01
6.308545494313294810e+00,1.265691913257829704e+01,-9.425061035156250000e+01
2.322119315119146563e+02,1.505122009456518697e+02,1.380027770996093750e+02
-1.170583480526231597e+02,-1.232838695961917068e+02,-1.387626037597656250e+02
-1.462057501105991548e+02,-8.584238786623345163e+01,-6.757118988037109375e+01
1.455462654253146297e+02,1.498609985672154323e+02,1.362192993164062500e+02
3.767066166019509410e+01,-5.540924618715546757e+00,4.404531860351562500e+01
1.108854581197635980e+02,1.511445137699459167e+02,1.943784637451171875e+02
-2.807947308297907796e+01,-2.275658673820779043e+01,-7.759008789062500000e+01
-1.533600157105846904e+02,-1.238394254017976124e+02,-1.909670104980468750e+02
-7.959729458331219121e+01,-5.521288037754001721e+01,-9.089258575439453125e+01
1.493857408339616484e+02,1.458794469894606038e+02,2.144322052001953125e+02
1.242441091042736332e+02,1.405634174829343692e+02,2.111824340820312500e+02
8.239186487519131674e+01,9.191801730183387065e+01,1.112629852294921875e+02
2.257305234547157795e+02,2.336390973296973925e+02,2.505236511230468750e+02
2.496083410999816010e+01,-4.032875824873423198e+01,-2.341031837463378906e+01
9.925596652088214000e+01,-8.672336153617941079e+00,3.767562484741210938e+01
2.968042271630664573e+02,2.557609711266514125e+02,2.490645599365234375e+02
-1.191908557144121872e+01,1.024951886826122518e+02,6.074996185302734375e+01
1.026714256642850813e+02,1.084510087202176862e+02,5.258439636230468750e+01
2.820290474226289348e+02,2.542591518265488162e+02,2.209624938964843750e+02
-2.950440379889184896e+02,-1.850974876672168534e+02,-1.447406463623046875e+02
8.709974925253193945e+00,7.822691315139385893e+01,3.586226654052734375e+01
1.728322109277399932e+02,1.035371829508126638e+02,1.028693084716796875e+02
-3.665205063075932230e+02,-3.445221942696404653e+02,-3.449863586425781250e+02
4.301174103108179452e+02,4.106322139391737096e+02,4.357677001953125000e+02
-1.611329377994393610e+02,-1.779204974935372263e+02,-1.782698516845703125e+02
-2.524366483829746528e+02,-2.137979490952676258e+02,-2.333220062255859375e+02
-2.199365229482787356e+02,-1.544891809224918688e+02,-1.397473449707031250e+02
1.099410035282303539e+02,1.289197437604545655e+02,1.628159179687500000e+02
-5.620260176804114138e+01,-8.893340296756154828e+01,-1.048866958618164062e+02
1.291684935814225810e+02,3.764348960717384784e+01,7.564031219482421875e+01
1.649787009566032481e+01,-1.784799987300104718e+01,-1.883380126953125000e+01
7.933371588543113262e+01,3.139296791335608461e+01,9.162014007568359375e+01
-5.635801510162887240e+01,-6.324289120562760758e+01,-1.685801239013671875e+02
-1.844632512352096967e+02,-1.627553965195897092e+02,-1.732681274414062500e+02
-2.214807505061389463e+02,-1.588606864842101913e+02,-1.549589996337890625e+02
3.720793895956780943e+02,2.994356946986922594e+02,2.727362670898437500e+02
-5.058470597689993298e+00,-1.592290950121575044e+01,-3.794477844238281250e+01
1.841977969906881754e+02,1.591663990899525345e+02,1.690264892578125000e+02
4.164763095449937396e+02,4.271308286052349104e+02,4.802630004882812500e+02
1.612671291863925944e+02,1.616983907176282287e+02,1.720517578125000000e+02
-9.640358684438808723e+01,-1.029687609066120473e+02,-1.302879791259765625e+02
-8.009026609358598137e+01,-4.772035530108922785e+01,-3.027110862731933594e+01
-3.639489026477314724e+02,-2.463697655331662020e+02,-3.382546691894531250e+02
-1.395198697003879715e+02,-1.686993074880226402e+02,-1.104466705322265625e+02
2.634216493466672659e+02,2.247587018207109111e+02,2.630670166015625000e+02
7.328326406930528947e+01,9.237108314076168369e+01,4.605249023437500000e+01
2.600908086954600407e+01,4.399750620651508903e+00,1.428724861145019531e+01
2.330722984018245256e+02,2.042289064192817989e+02,1.595057067871093750e+02
-1.057425622565505208e+01,-5.868192454179397544e+01,-1.100655822753906250e+02
2.533387407361725820e+02,2.143808231860656974e+02,2.402416534423828125e+02
-6.708028554999066273e+01,-4.030572512668951646e+01,-9.203438568115234375e+01
1.767318136123606820e+01,2.053060961258109884e+01,-3.374150466918945312e+01
2.453500028077782531e+02,1.869373810731547962e+02,1.912458648681640625e+02
-1.534633444631895145e+02,-1.629488160294246768e+02,-9.659509277343750000e+01
2.045789853590402885e+01,-5.228672560209901565e-02,3.716948699951171875e+01
1.795351894866373641e+02,1.581984647874404857e+02,1.638858184814453125e+02
3.535832759574471140e+01,3.783229528780566397e+01,-3.338062667846679688e+01
-1.837359695124720105e+01,1.188474366894809364e+01,-7.644363880157470703e+00
-8.466238373815228613e+01,-1.127173863744618814e+02,-1.431277465820312500e+02
-7.500041368905976924e+01,-9.527387515796782225e+01,-1.540676116943359375e+02
-2.246503851070805524e+02,-2.088106636803005642e+02,-1.490327606201171875e+02
-2.717390868321616040e+02,-2.810599005296828636e+02,-2.999021606445312500e+02
-3.788692950066857748e+02,-3.678471478281925897e+02,-3.763981018066406250e+02
3.672370091119485096e+02,3.140778907925024441e+02,3.277668457031250000e+02
8.907168045085761321e+01,7.089293956069026592e+01,1.658971710205078125e+02
-1.242066769955159771e+02,-2.500118676722054900e+01,-1.403810119628906250e+01
-3.850761673391289275e+00,-3.246759198200548013e+01,-5.797239685058593750e+01
-1.293583502288133502e+02,-1.861862162635611639e+02,-2.055452117919921875e+02
-1.389863364440126645e+02,-1.384451694344051589e+02,-9.872346496582031250e+01
-3.683344912899947872e+02,-3.462911044725063903e+02,-3.682888793945312500e+02
-1.315187571792664301e+02,-1.367456946918383949e+02,-1.840616302490234375e+02
-4.707546528687215925e+01,2.767267119584540325e+01,-7.053102874755859375e+01
1.699388556193939692e+01,2.051329176429650047e+01,-1.635069274902343750e+01
-1.810819472355281068e+00,2.496778997928391419e+01,3.735120391845703125e+01
-2.540361231339310422e+01,-7.008083242074094699e+01,-1.056755828857421875e+02
-2.539843509854289394e+01,1.155924492089970812e+01,3.690482079982757568e-01
1.732601918481084269e+01,7.300059660154227004e+01,3.427647781372070312e+01
2.765547470876406351e+02,1.973776588830566538e+02,2.268853302001953125e+02
-3.225449880740972617e+02,-3.006634295904576106e+02,-2.566085510253906250e+02
-2.123731972698074060e+02,-8.788278607478119397e+01,-1.894905853271484375e+02
1.269672746243701624e+02,7.687798821230396129e+01,6.363417816162109375e+01
3.969393070817407647e+02,3.609504944287879766e+02,2.948622436523437500e+02
1.954398141621157592e+01,6.467686477609558438e+01,8.356970977783203125e+01
7.522292404276149114e+01,8.737729661095532663e+01,1.712295227050781250e+02
-3.188237825242845602e+01,-1.200182189713472667e+02,-1.698528289794921875e+02
-1.305063386186788534e+02,-5.237815037772492843e+01,-3.410676956176757812e+01
7.525939458948897709e+01,4.123070991483908188e+01,-1.371139621734619141e+01
-6.977622334511072211e+01,-5.030380366271746340e+01,-8.904158782958984375e+01
-1.818178537737012448e+02,-1.520660115435892692e+02,-1.514223480224609375e+02
1.373238755692755149e+02,1.643280259603488958e+02,1.210606307983398438e+02
-1.063943749091602626e+02,-6.889054666482172706e+01,-1.140665283203125000e+02
1.655134830579568472e+02,1.502006575717010151e+02,2.072212371826171875e+02
-1.240542734861739547e+02,-1.420509764329339646e+02,-1.155616607666015625e+02
3.765089830211979205e+01,3.809136731461680370e+01,2.791129493713378906e+01
2.742162250882893204e+02,2.001403134757262023e+02,2.258920440673828125e+02
6.012492256719612271e+01,1.071667631049447778e+02,8.390052032470703125e+01
-1.750788011383345975e+02,-1.685576638977047992e+02,-1.211879730224609375e+02
1.769898582185762450e+02,1.434506446090295526e+02,1.190624618530273438e+02
-7.437175288853384814e+01,-6.973707746056685153e+01,-6.324082946777343750e+01
-1.210403431291365877e+02,-9.425597047407315188e+01,-6.969053649902343750e+01
2.522649055535849243e+02,1.903551429272703217e+02,2.463777618408203125e+02
-3.109371583229678890e+02,-2.129564170158479612e+02,-3.038439636230468750e+02
3.286012886796608257e+01,2.470441515515092235e+01,-2.934215927124023438e+01
1.674141080000002262e+02,1.488728212409671698e+02,1.919108276367187500e+02
-9.425977735854726802e+01,-4.827655272969367140e+00,3.662375640869140625e+01
-1.851573225899792874e+02,-2.199963839140401944e+02,-2.326994323730468750e+02
-1.008513448652617939e+02,-1.327368725263416422e+02,-1.132014923095703125e+02
-1.160287084309793038e+01,2.976580898107450679e+01,3.066308021545410156e+01
3.008001214149092561e+02,2.277860115443656355e+02,2.889997863769531250e+02
6.743783637253147845e+01,7.937122730421562267e+01,-1.719208908081054688e+01
-3.247917591483160393e+00,2.100484821158514492e+01,-3.924728012084960938e+01
1.064467122496831877e+02,1.089751100653380860e+02,9.786217498779296875e+01
2.187227379008748755e+02,2.230527629002756100e+02,2.302018127441406250e+02
-2.049005023668310344e+02,-1.815902465782695856e+02,-1.426372222900390625e+02
-4.685902386907372374e+01,-5.200908489620850617e+01,-7.811368560791015625e+01
1.582076054576774027e+02,1.419360692003048996e+02,1.433856811523437500e+02
1.828614561415914466e+02,1.439846802017295886e+02,1.951555175781250000e+02
3.304784873483048813e+01,7.177235787357696495e+01,5.210799407958984375e+01
2.140780866223133501e+02,1.535927156265181850e+02,1.738310089111328125e+02
8.111206542922457174e+01,1.486326708656779090e+02,7.334800720214843750e+01
-2.797805890318493383e+01,-2.768433072090879676e+01,-3.813230895996093750e+01
1.391963354012582670e+02,1.287737215304196923e+02,1.948831024169921875e+02
-2.916803854437180803e+02,-2.482983675722233841e+02,-2.448589324951171875e+02
-2.588805814830701593e+02,-2.705241070942055330e+02,-2.473844299316406250e+02
-3.282348098911723611e+01,-9.478221832681110470e+01,-5.157394027709960938e+01
-1.779392149444764755e+02,-1.143844575212615950e+02,-1.165717773437500000e+02
-1.737203945073716795e+02,-9.207250492141344012e+01,-1.168593521118164062e+02
-1.060520974933271532e+02,-2.116910824449282913e+01,2.515525817871093750e+01
2.744002200876043389e+02,2.581545392404999575e+02,3.074545288085937500e+02
1.451269846396105550e+02,1.195133913672673884e+02,1.443271484375000000e+02
-2.082542940106508240e+02,-2.159107716644610662e+02,-2.417235260009765625e+02
-2.064589026000531362e+02,-1.922643079104821879e+02,-1.794183807373046875e+02
-1.909111793743029466e+02,-2.537704901054463846e+02,-2.049930572509765625e+02
-8.671433108726317585e+01,-7.427535196302514464e+01,-7.881111907958984375e+01
-1.451042681344402183e+02,-7.591939285156820461e+01,-5.780047225952148438e+01
2.512773013488070362e+00,-5.065651101745072538e+01,-2.819514989852905273e+00
2.233136944491395184e+02,2.214212827462008875e+02,1.110744781494140625e+02
-1.265257723062872053e+01,-6.246652295493756668e+01,-1.777907180786132812e+01
1.649802429410756588e+02,1.452168856831994788e+02,1.595263671875000000e+02
2.322550922337199779e+02,1.952657226780922599e+02,2.321008758544921875e+02
-1.931522345845572772e+02,-2.069231549282864080e+02,-1.269427795410156250e+02
1.390406016688586135e+02,2.242182429151810936e+02,1.721644592285156250e+02
-4.099376188516175716e+02,-3.939292750645792580e+02,-3.796073608398437500e+02
-6.827738718245545613e+01,-2.219160041035883424e+01,-2.896735954284667969e+01
-8.524878250095432008e+01,-5.918752959047685280e+00,-3.361733245849609375e+01
1.265118929702918678e+02,1.007004925422286021e+02,1.421863708496093750e+02
-1.256384835616211859e+02,-1.041514646347959712e+02,-2.161010131835937500e+02
-2.885309870516421071e+01,-3.392429215874744131e+01,-7.887238311767578125e+01
1.537050703995017500e+02,9.845001247918992249e+01,1.882980499267578125e+02
-5.004100758175117392e+01,-2.484523865010606158e+01,7.021774291992187500e+01
-2.492659749212658369e+02,-1.696115861929197877e+02,-2.042919158935546875e+02
-2.448959046770389136e+01,4.142260848338131041e+01,2.478094291687011719e+01
3.836692497394596302e+01,2.736716112747642171e+01,3.233321762084960938e+01
-6.938735378828432943e+00,4.378073452849969982e+01,4.222030639648437500e+01
-1.870264749957235324e+02,-1.510543038580388782e+02,-1.337210693359375000e+02
-1.775928704472279378e+02,-1.564257722091363974e+02,-1.967907562255859375e+02
3.064732269119193688e+02,2.879195580592681836e+02,3.054490966796875000e+02
-1.816921291837387287e+02,-1.598483273288879616e+02,-1.209614791870117188e+02
-2.715708221734496419e+02,-2.123679522625465097e+02,-2.051389007568359375e+02
-2.015715026158874537e+02,-2.310647677343287114e+02,-1.442622375488281250e+02
-8.458838141062985017e+01,-1.089163617825862929e+02,-1.508629150390625000e+02
-1.917767071720646399e+01,2.295394077951454115e+00,-7.902663421630859375e+01
2.912338055606916214e+02,2.512012530979996825e+02,2.987479858398437500e+02
8.515963760192451559e+01,3.724140452548524216e+00,1.209310836791992188e+02
-5.545106239261677672e+01,-1.056397510850490420e+02,-4.410435485839843750e+01
-1.355773248696194173e+02,-1.058254022454198093e+02,-5.989070510864257812e+01
8.516664706720766276e+01,6.674159543358412350e+01,1.497487945556640625e+02
1.273170120471767888e+02,1.104182976189258909e+02,1.586422119140625000e+02
-2.878325187744660525e+02,-1.551687195678007924e+02,-2.338462677001953125e+02
-6.019699091480683961e+01,-2.537921704152996583e+01,-9.580335998535156250e+01
9.591627227842619163e+01,9.228190011136190662e+01,9.762061309814453125e+01
-2.796245238927378409e+02,-1.992354972614027702e+02,-2.684815063476562500e+02
3.630066840681673170e+02,2.981122962822146292e+02,3.241836242675781250e+02
-2.543385860504055813e+02,-2.407995270785139894e+02,-1.962191467285156250e+02
1.241071738111113802e+02,1.862355660429112163e+02,1.579813537597656250e+02
-6.347646249439064547e+01,-1.028454636381605098e+02,-1.003731689453125000e+02
-1.211068097438877942e+02,-1.306870637560949149e+02,-1.505617065429687500e+02
-1.745451961944606296e+02,-1.588852183773041418e+02,-1.754130706787109375e+02
3.990233987920026948e+01,3.374274417351199418e+01,3.214034271240234375e+01
3.136024428315437618e+01,1.717388314814080719e+00,1.025141334533691406e+01
-2.408195480901887890e+02,-1.810845964446198195e+02,-1.659859161376953125e+02
2.314472463177616532e+02,2.249780184409200956e+02,2.479095306396484375e+02
-1.116290127815125430e+02,-7.985001122248223737e+01,-8.796688079833984375e+01
1.493776060603524192e+00,-3.031614723484694807e+01,-2.450225257873535156e+01
-9.340376832627583781e+01,-8.391936257235333585e+01,-6.955387115478515625e+01
-3.927054545226753390e+01,3.721437078730365755e+01,-3.736782073974609375e+00
-2.260464313761286803e+02,-1.457083871019544006e+02,-1.120336074829101562e+02
-4.330007667490588830e+01,-3.877559548836766368e+01,-6.793069458007812500e+01
-1.109952513344501881e+02,-9.560484202179192437e+01,-1.097292861938476562e+02
2.883467493875295418e+02,2.187990468114207090e+02,2.316150054931640625e+02
-3.893543971998897177e+02,-3.334495587723292829e+02,-3.364915466308593750e+02
6.800655892049874751e+01,7.058101071456511022e+01,9.471881866455078125e+01
1.238913879663246007e+02,2.177398438406690673e+02,1.857496032714843750e+02
6.322296083433420932e+01,7.454497878997692339e+01,6.976058959960937500e+01
-1.863732822712632071e+02,-2.109898306358180946e+02,-2.509430236816406250e+02
5.874735781799923870e+02,5.432149998253939884e+02,4.885993347167968750e+02
1.627136005165353936e+02,1.452473215812549370e+02,1.555325927734375000e+02
1.292970780734329139e+02,1.602512599584235602e+02,1.926165618896484375e+02
2.290558898310146105e+02,2.496659028920910828e+02,2.458729858398437500e+02
-1.005652887668598936e+02,-1.660494919301441996e+01,-4.059925079345703125e+01
3.369243482010853654e+02,3.238997948035582795e+02,3.471853942871093750e+02
-9.474794882700412302e+01,-8.571350799772274343e+01,-3.671615600585937500e+01
1.588586014823178800e+02,1.333031863658504790e+02,1.410588836669921875e+02
-2.251335527336578579e+01,-1.270897108050778535e+01,-6.689938354492187500e+01
-1.442925245385710014e+02,-1.411340029440011676e+02,-1.228164672851562500e+02
3.084284343888159441e+01,4.976067506158798182e+01,6.286304092407226562e+01
-8.878269532794538677e+00,8.207383491360917560e+01,1.436449813842773438e+01
-1.968665536460662224e+02,-1.344054882045495276e+02,-1.181800231933593750e+02
2.785363881904436312e+02,2.280499085346696688e+02,1.881846008300781250e+02
1.268043092348524254e+02,1.388286969333394438e+02,1.664161834716796875e+02
1.729175784793251012e+02,1.324326575591927622e+02,1.402935028076171875e+02
-1.009318319303881140e+02,-8.438659460135588120e+01,8.233464241027832031e+00
-2.413525490297293743e+02,-1.550395166928256856e+02,-1.817212982177734375e+02
9.407486220245688457e+01,1.065204393879244549e+02,6.249467468261718750e+01
-3.794648611923849302e+01,3.130666936802761202e-01,-2.887465858459472656e+01
-1.293534053846137226e+02,-9.521283973479766871e+01,-1.359217987060546875e+02
-1.256143541336940359e+02,-1.172836474542764904e+02,-1.075574264526367188e+02
2.797741159139309275e+02,2.453765774693575281e+02,2.463496551513671875e+02
1.341327607641678981e+02,1.131562958704895863e+02,1.114002914428710938e+02
2.785548140123759708e+02,2.878832010764089091e+02,2.538125762939453125e+02
2.252861970786569543e+02,1.669396464270382126e+02,1.742094879150390625e+02
-6.811104621780778245e+01,-5.769244298966575535e+00,-8.324654579162597656e+00
-5.120582027767559907e+01,-9.246880209910045778e+00,-1.252702617645263672e+01
3.342113618888618731e+01,3.017981901251156529e+01,-2.856058311462402344e+01
-1.117303989654005960e+02,-1.176574169544615529e+02,-1.508970794677734375e+02
1.676172290446024817e+02,1.298912411638899869e+02,1.324186553955078125e+02
4.163680469504779325e+01,2.632963227191667421e+00,3.347484588623046875e+01
-2.011393564512098067e+02,-1.707852118186600308e+02,-1.780128326416015625e+02
-1.889325414942245374e+01,-4.969757991083383786e+00,2.462540149688720703e+00
-3.359660531660344986e+02,-3.126318991718374036e+02,-3.070586242675781250e+02
2.361939098927144585e+02,2.249221417092713864e+02,1.471124572753906250e+02
1.828618997193411246e+02,1.556869207713424714e+02,2.300294799804687500e+02
1.892916195929313972e+02,2.019799434098297013e+02,2.537630310058593750e+02
-6.300694333256133817e+00,-3.850327572772676632e+01,-6.936228942871093750e+01
3.257289616280632458e+02,2.395589434097828985e+02,3.290182189941406250e+02
-2.315092163511284298e+02,-2.493492417089844366e+02,-2.109115447998046875e+02
3.986922039089868122e+02,2.857264025135323777e+02,3.330582275390625000e+02
-2.292097524980016487e+01,-8.415779379589987741e+01,2.727158737182617188e+01
-1.707772760220657915e+02,-1.856787952823032697e+02,-2.314471130371093750e+02
-2.540651666346282127e+02,-1.687778491328165273e+02,-2.936325988769531250e+02
-3.223678643017960894e+02,-2.684577480388397248e+02,-2.904110717773437500e+02
5.826256549168473242e+01,7.150876983730552183e+01,5.035353469848632812e+01
1.638286422906422217e+02,1.077679538254193261e+02,1.720802001953125000e+02
1.182459428646939301e+02,1.128801059998784382e+02,1.796497192382812500e+02
1.736628891466021969e+02,1.689359473121326971e+02,2.070345001220703125e+02
-1.492423785323444463e+02,-1.147304717199304633e+02,-6.478026580810546875e+01
-3.651674598811865735e+02,-2.688969673771102293e+02,-2.681297302246093750e+02
-1.903251082066114179e+02,-1.903767385743522027e+02,-1.996974792480468750e+02
-9.584494639646840142e+01,-6.506943194364562544e+01,-5.964185714721679688e+01
2.835773469969988625e+01,-4.848974849141653465e+01,-4.976507186889648438e+01
2.284337314585646652e+02,2.233589070028368155e+02,2.354906616210937500e+02
-2.531908076011547326e+00,-1.303676258069188343e+01,-3.801767349243164062e+01
2.605238573851469823e+02,2.631591649042719609e+02,2.508305358886718750e+02
-1.455463224657834758e+02,-1.315722294961548187e+02,-9.401048278808593750e+01
1.211632524436023317e+02,6.392712853989289812e+01,7.810754394531250000e+01
3.325091183415676142e+02,2.933122146421746947e+02,2.282126159667968750e+02
-5.594280964858277194e+00,-3.742422851347574664e+01,-5.575490570068359375e+01
-7.249576475425010358e+01,-5.159895879154230869e+00,1.118176841735839844e+01
1.980867284154866681e+01,-1.699529054975800690e+01,6.010758399963378906e+00
-1.808457905844810227e+02,-2.134292528015510015e+02,-2.491575927734375000e+02
1.426310185835468758e+02,6.836705178984438191e+01,1.489753570556640625e+02
-7.952469699537383008e+01,-7.385768285949143319e+01,-2.958066368103027344e+01
9.523184718305510899e+01,1.080076689887416137e+02,1.013793792724609375e+02
-5.212276769561890433e+02,-4.452814858401347919e+02,-4.363049926757812500e+02
-2.789932531077786848e+02,-3.280645024442396789e+02,-2.347473297119140625e+02
2.269954983241068192e+02,2.014869573306639552e+02,1.505623168945312500e+02
-8.745986385623093495e-01,-2.800588858545829751e+01,-6.298624873161315918e-01
-1.719898746334397117e+02,-1.358418379361895632e+02,-1.483838500976562500e+02
-2.869114385669228682e+02,-2.512585478778078141e+02,-1.960228118896484375e+02
-1.606736522441710235e+02,-1.695560550111681835e+02,-2.168308258056640625e+02
-3.766846106575036401e+02,-3.057472693651273516e+02,-3.368619384765625000e+02
1.719586146999552057e+02,1.142431176549072234e+02,1.734980316162109375e+02
2.473327689513406256e+02,2.242482361350290887e+02,1.950174407958984375e+02
1.915546817828660835e+02,1.590868751616329746e+02,1.128886260986328125e+02
-1.508681550506957478e+02,-1.638841824668706124e+02,-1.761291961669921875e+02
2.461312394354266360e+02,1.839031058121174453e+02,2.644579467773437500e+02
2.649974989049756502e+01,1.429537734933383142e+01,4.744819164276123047e+00
-1.116045262027080867e+02,-1.162242374068580659e+02,-1.421172637939453125e+02
-5.789120585357576942e+01,-2.419689661986465978e+01,-3.423875427246093750e+01
8.242142444873987728e+00,-8.798028223630309341e+00,-2.165329170227050781e+01
1.810878963140389430e+02,1.334686991457328702e+02,1.029083175659179688e+02
3.129589756827423912e+02,2.530312798397002325e+02,2.574642333984375000e+02
-1.701298052197365394e+02,-1.232662702081087360e+02,-1.115662689208984375e+02
2.946705918822194690e+02,2.811494584432001602e+02,3.055632324218750000e+02
4.296332290501814555e+02,4.282067525304811397e+02,4.430692138671875000e+02
-2.998558455869495560e+02,-2.865304247928442010e+02,-2.408975219726562500e+02
-7.811666705422213397e+01,-9.295721439119810725e+01,-1.207777862548828125e+02
1.374714046489972645e+02,1.151612013999189088e+02,7.966505432128906250e+01
-6.524527861183544530e+01,-7.803282096199731654e+01,-6.552271270751953125e+01
-2.574097327494283149e+01,-2.024461374704701200e+01,9.977270126342773438e+00
-4.242052127306963172e+01,-6.070743960875160639e+01,-1.325944137573242188e+01
3.805088982292348021e+01,-1.457142778185799514e+01,-1.946090698242187500e+01
2.151191463812219808e+02,1.844153625839128665e+02,2.112825317382812500e+02
7.134693893724027847e-01,-5.812758168165627737e+00,4.773718261718750000e+01
-2.167726868831391300e+02,-1.759878800803695640e+02,-1.565534973144531250e+02
2.238731528502727883e+02,2.492131117496049342e+02,2.604171752929687500e+02
-1.090671084550056520e+02,-6.301279621367189065e+01,-8.003471374511718750e+01
-7.257309460784448163e+01,-5.088044691520071439e+01,-7.496913909912109375e+01
-2.006161294413405756e+02,-1.679456964327947333e+02,-1.802212066650390625e+02
-2.493055555175735947e+02,-2.738981958840490165e+02,-2.353856506347656250e+02
-7.108844983956809926e+01,-3.438296284238843015e+01,-6.342051696777343750e+01
-2.384943089774291423e+02,-1.554444478058234154e+02,-1.247532119750976562e+02
2.699156239212040020e+01,1.174531747213295141e+01,4.245272064208984375e+01
-1.525893511858403713e+02,-1.236286183273986552e+02,-1.660152130126953125e+02
-3.129950966905936980e+02,-3.133299218261718693e+02,-2.126354980468750000e+02
-8.352897923135265046e+01,-4.182868681728484006e+01,-6.585071563720703125e+01
5.684283296514305306e+01,5.383509593040309227e+01,4.630274963378906250e+01
-3.814148193453539193e+02,-3.805369851844470759e+02,-3.757308959960937500e+02
-3.668914559969058331e+01,-8.434575797334119329e+01,-7.213921356201171875e+01
-3.819677855814141481e+02,-2.266724202201076253e+02,-2.813873596191406250e+02
2.308334686177224171e+02,1.777356021649635522e+02,2.175049285888671875e+02
-1.544403998644978060e+02,-1.641146634850882435e+02,-1.783364105224609375e+02
1.514001888225251093e+02,1.530832606623821164e+02,1.398724365234375000e+02
-6.585545225293952853e+01,-1.950555824488012036e+01,-1.696724700927734375e+02
-2.528522412554378320e+02,-1.719145812598927705e+02,-2.554336242675781250e+02
-2.622897657380410692e+02,-1.928414409824022755e+02,-1.975395812988281250e+02
1.340926025957151353e+02,1.073919504654385975e+02,1.143378524780273438e+02
-4.266559143875459625e+01,-1.683332288555364897e+01,3.197274208068847656e+01
2.796757753011765324e+00,-4.405843021267042303e+01,5.597896099090576172e+00
2.849797713933007230e+02,2.604007717537177768e+02,2.055804290771484375e+02
-3.076033922701377037e+02,-1.192433485584875115e+02,-2.095688629150390625e+02
-3.042257427780290300e+02,-2.264882430995092193e+02,-2.118674468994140625e+02
-5.695083982218375240e+02,-4.979324066510733928e+02,-4.383721313476562500e+02
1.319544460682750469e+02,1.196949742725264372e+02,9.865965270996093750e+01
-7.729248371081810376e+01,-1.163653308788962875e+02,-2.152386779785156250e+02
-6.029782110185543331e+01,-1.039843560912008513e+02,-9.437708282470703125e+01
1.606267513152750439e+02,1.675745510417497428e+02,1.776014862060546875e+02
2.050210659854859045e+02,1.788008936622254623e+02,2.082932586669921875e+02
4.548496376316917633e+01,3.954459188211072984e+01,-3.356712341308593750e+01
-3.827040372856585577e+02,-3.310297107186170820e+02,-2.849829711914062500e+02
-1.609613043392282350e+01,-2.791649716287576410e+01,4.636285781860351562e+01
5.483589096162468479e+01,5.076478838718225006e+01,-1.074281692504882812e+01
1.591624829805943762e+02,1.335774683853262843e+02,1.338907012939453125e+02
1.705487382523830320e+01,6.134446636872979752e+01,-1.169218139648437500e+02
-3.079128407227141295e+01,-5.836607520703131513e+01,-8.020013427734375000e+01
2.835183583154093299e+02,2.726485408366013985e+02,3.181500549316406250e+02
-5.793110169807742693e+01,2.714441955076444302e+01,-9.118363952636718750e+01
-1.070749643243058102e+00,5.963187169299155244e+01,8.761094665527343750e+01
-2.701810525480406682e+02,-1.856575561134140173e+02,-2.100556945800781250e+02
-2.720923791170400463e+01,2.181085666332530337e+01,6.679059600830078125e+01
3.899087752835503551e+01,3.625727688331554077e+01,-6.607523345947265625e+01
1.944886139611652709e+02,1.110684177473095957e+02,1.474112548828125000e+02
8.115700974991592886e+01,7.227582591153297642e+01,1.702528381347656250e+01
-1.364654823856772339e+02,-1.598947809483397862e+02,-1.262444763183593750e+02
3.041365942972012704e+02,2.244467511593683184e+02,9.924085235595703125e+01
-4.003889124346820694e+01,-2.535918032200172334e+01,-1.269804286956787109e+01
4.031971598812150859e+01,8.633010936637069221e+01,1.032701416015625000e+02
-1.338065729376841659e+02,-1.095613665482561458e+02,-1.071626205444335938e+02
7.880643494007718175e+01,7.907911166278006476e+01,4.958257293701171875e+01
-2.613054482487227688e+02,-2.119608953980263379e+02,-1.806828308105468750e+02
2.387919535775412783e+02,2.430255098242228371e+02,2.945420227050781250e+02
5.305765631295733442e+01,3.821120643628842117e+01,-1.117854022979736328e+01
-4.053742577882584328e+02,-3.408863074167130094e+02,-2.834179077148437500e+02
-8.950583613194494603e+01,-8.558876121430959927e+01,-7.743000793457031250e+01
9.477616809208603854e+01,1.874278901342671233e+01,3.009189128875732422e+00
1.273057205917046275e+02,8.352573176716977343e+01,1.437942504882812500e+02
-5.537023330874212057e+00,2.588404292234251169e+00,-6.207191944122314453e+00
7.374210871048434512e+01,1.034950415802301364e+02,3.763872909545898438e+01
-5.930966927936938191e+02,-5.763076052122899000e+02,-5.152029418945312500e+02
2.170696281005275807e+02,1.694572760321920839e+02,2.486022033691406250e+02
3.604763498082099886e+02,3.449220541425843294e+02,3.450932617187500000e+02
-7.574316667510100842e+01,-2.267008723039066753e-01,1.846904754638671875e+01
1.939841603217463728e+02,1.249061339451171904e+02,1.365077362060546875e+02
-3.720746423157935823e+01,-8.005023118060077270e-01,-1.166131591796875000e+01
-3.725595618140891929e+02,-2.880631422639431776e+02,-3.059212036132812500e+02
4.075692919380451826e+02,3.822670791170085636e+02,3.686614685058593750e+02
5.033355074543899121e+01,7.860533039641817155e+00,1.091299667358398438e+02
-6.024537966496934871e+01,-3.671561068537714334e+01,-3.424815368652343750e+01
2.894111040352949260e+01,4.507221345496095211e+01,6.256635665893554688e+01
5.869151086117743610e+00,1.621313548438875429e+01,1.675898361206054688e+01
4.205737727321548505e+02,3.653538445761356570e+02,3.139574890136718750e+02
5.255136882719288138e+00,7.596267376700646423e+01,6.920256042480468750e+01
-2.907106369281985963e+02,-2.570736509836821710e+02,-2.977645874023437500e+02
6.125327739580884412e+01,3.075600635240329694e+01,-3.110772514343261719e+01
1.688887257314373471e+02,1.551148842096403371e+02,1.233751449584960938e+02
5.399622498159453698e+02,4.257585886807923998e+02,4.405770568847656250e+02
3.005954348301277435e+01,2.124424330937143779e+01,4.235429763793945312e+01
-1.815172242720669828e+02,-1.334528035981063852e+02,-1.167876510620117188e+02
2.915569643663217789e+02,2.712201375518487225e+02,3.025133666992187500e+02
-9.897316848285950641e+01,-1.858994771001146376e+02,-1.678890380859375000e+02
-1.934819316795831980e+02,-1.851728910422543777e+02,-1.476591491699218750e+02
-1.498659036535793234e+02,-4.835169444111902237e+01,-4.084822463989257812e+01
-3.519014805258935894e+02,-3.336168780562030065e+02,-3.126743774414062500e+02
1.228566903844072300e+02,1.733536956572281156e+02,1.174182891845703125e+02
1.836116948801303295e+02,1.477237122897739710e+02,1.784547729492187500e+02
-3.483682620899156746e+02,-2.840951013557736360e+02,-3.171881408691406250e+02
1.139064428349522444e+02,1.090002839562411339e+02,5.714358520507812500e+01
-2.942447348185859468e+01,-2.440250083224147204e+01,3.993212509155273438e+01
-1.609222014474841558e+02,-1.721538625425668272e+02,-1.014174118041992188e+02
-9.342883926557239249e+01,-1.071724947519466440e+02,-1.406895751953125000e+02
1.435048032897742303e+02,1.714147648934262236e+02,1.036379241943359375e+02
-5.371650031673513581e+01,-4.895787537588793015e+01,-7.508231353759765625e+01
-1.498937811234071091e+02,-1.357879305846441298e+02,-1.406253509521484375e+02
2.319989710229990578e+02,2.069998374730722048e+02,2.192696075439453125e+02
2.300582565813956535e+02,1.690062566335300289e+02,7.865087127685546875e+01
-8.263693207060860857e+01,-7.782072319832023766e+01,-1.182545394897460938e+02
-2.408807755200122926e+02,-2.674088860217178194e+02,-2.322974090576171875e+02
4.361940167260689236e+02,2.995790299202528786e+02,3.096100769042968750e+02
2.399783471733593387e+01,-3.985483435577264544e+01,2.546079254150390625e+01
6.431167467519262004e+01,6.752524533184543998e+01,4.899724197387695312e+01
5.696304251649073080e+01,1.193970664789959102e+02,1.404527893066406250e+02
-2.367249367614122235e+01,4.939028503168414375e+01,-3.402783584594726562e+01
-6.697192782226516705e+00,-1.429506477394728137e+01,-2.128712844848632812e+01
4.731921018617784114e+01,6.831240205277791233e+01,4.465990447998046875e+01
-2.037598537236718244e+02,-2.028774930990203416e+02,-1.788429718017578125e+02
-3.050557330684036561e+00,-4.227229999450886311e+01,-2.291599082946777344e+01
-2.212781665775359130e+01,-8.711306844844368413e+01,-5.075209808349609375e+01
-1.653059791338509399e+02,-1.272866018735115148e+02,-1.473455047607421875e+02
-2.709427724798204622e+02,-1.923048805580011447e+02,-6.157363128662109375e+01
-5.804079025845005013e+00,-3.822571429663931042e+00,-6.356472396850585938e+01
-1.772599904235944450e+02,-5.039467133352201955e+01,-1.377296905517578125e+02
4.060961716572830937e+02,3.472123748480630070e+02,3.766227416992187500e+02
2.105093325340382648e+02,1.401492002396676355e+02,1.630743713378906250e+02
1.684159049839528564e+02,1.001019865467190471e+02,9.225514984130859375e+01
-1.917633178870007100e+02,-1.099883007791605252e+02,-1.580921936035156250e+02
4.089146008916194432e+02,3.122371350698106767e+02,2.892872619628906250e+02
1.030534962572390327e+02,1.275277736482081821e+02,1.628213958740234375e+02
1.695420038330120178e+02,1.498211152079014710e+02,1.173428573608398438e+02
2.864732005130947528e+02,2.000483993535719947e+02,1.124553680419921875e+02
6.078860506818782738e+01,1.410880309910336905e+02,5.259933090209960938e+01
-1.370828210892621613e+01,-3.659180292084481323e+01,-1.650837326049804688e+01
-7.919963533809529110e+01,-7.504393623279965198e+01,-1.080254898071289062e+02
-1.565306277916314457e+02,-1.821809169126477457e+02,-2.307170715332031250e+02
6.565061918340413172e+01,4.748770404190848637e+01,3.416744232177734375e+01
-1.756717762745358016e+02,-2.045611007925743650e+02,-1.630735015869140625e+02
-5.247728447119150132e+02,-3.481085046021376002e+02,-4.024665222167968750e+02
1.112853496326541602e+02,9.899406902940435771e+01,1.228745346069335938e+02
-3.045778750187443507e+02,-1.891332067151468550e+02,-2.461384735107421875e+02
-2.764210236620407954e+02,-1.878718933692836970e+02,-1.814656677246093750e+02
-2.504899454562164749e+02,-2.253517714924801680e+02,-2.290076293945312500e+02
-4.769583294110763205e+00,2.835011283427921924e+01,3.392548799514770508e+00
-8.289290257664785599e+01,-9.175371245091923811e+01,-1.084032440185546875e+02
-2.461380995372377356e+02,-2.353484107838929447e+02,-1.899687500000000000e+02
3.348627614126809817e+02,2.945414895938031350e+02,1.343307342529296875e+02
-5.835757256133807580e+00,-3.576065818174622990e+01,-1.887384414672851562e+01
-4.773959479349642265e+01,-7.815512221262436299e+01,-5.814626312255859375e+01
2.636668966563500760e+01,6.714338589239120303e+00,6.546896457672119141e+00
4.940313549205476420e+02,4.146848411580768925e+02,4.513436279296875000e+02
-3.047106010347374081e+02,-2.539541705406024050e+02,-2.663550720214843750e+02
-2.586227950285473298e+02,-1.217936946869458126e+02,-2.419034729003906250e+02
3.040279406476957433e+02,2.572600114092525132e+02,2.834753417968750000e+02
1.538836703135671087e+02,1.952582931995934246e+02,1.521615447998046875e+02
1.935476324622439961e+02,2.119170433480621796e+02,2.625725402832031250e+02
-2.873030430699160434e+02,-1.783136821317418139e+02,-2.112755737304687500e+02
1.469391058873012526e+02,1.375486239364329606e+02,1.213800354003906250e+02
-1.684296987874188858e+02,-1.554624099491965126e+02,-1.698711242675781250e+02
-3.247205411026603770e+02,-2.931156509080291244e+02,-2.642699584960937500e+02
9.632797125528573190e+01,9.110439408265747829e+01,1.100937194824218750e+02
2.302203016188825302e+02,2.427456864528074334e+02,2.186542663574218750e+02
4.268427681288779496e+01,7.187698587890187696e+01,6.311185836791992188e+01
3.232214278651556469e+02,2.472141830492352312e+02,2.775995483398437500e+02
6.345769349729709319e+01,1.186347031835766686e+01,4.004493331909179688e+01
7.156907998202913568e+00,-4.661411322442179994e+01,-4.259940338134765625e+01
2.252868950760399116e+02,1.760161675109422674e+02,2.351918945312500000e+02
-6.674822075018417422e+01,-6.598442060166297551e+01,-8.857929992675781250e+01
2.322071997627083704e+02,2.069825990126508373e+02,2.332271118164062500e+02
6.767970054645249434e+01,4.016884263455572324e+01,7.295182800292968750e+01
1.213135808923088916e+02,1.517140545366883373e+02,1.683934173583984375e+02
-2.070941524602185666e+02,-1.660122420303527520e+02,-2.132348480224609375e+02
1.235857861780595215e+02,1.229246434793260931e+02,6.872055816650390625e+01
-1.471624015119833189e+02,-1.660114838060519844e+02,-1.252406921386718750e+02
3.669855149205189946e+02,3.134462472255253260e+02,3.864012451171875000e+02
7.967681819893830664e+01,1.088354566961096879e+02,7.702351379394531250e+01
-1.740701678724255714e+02,-1.709721233928036668e+02,-1.615959777832031250e+02
4.818472413464048998e+01,5.803453000018085106e+01,4.083403778076171875e+01
1.827493554058231595e+01,8.384567435746140163e+00,1.992669296264648438e+01
3.454739056871529215e+02,3.525183944212075744e+02,3.200351867675781250e+02
3.948244925746260492e+01,-1.891487168503519456e+01,-1.991804313659667969e+01
7.285750152429443460e+01,8.065905343621552959e+01,3.776119232177734375e+01
1.320206527967596912e+02,1.109423113150528764e+02,1.296793518066406250e+02
-1.138567709244346133e+02,-1.377270657482758338e+02,-6.519889068603515625e+01
2.067516937545706810e+02,1.796163731590025350e+02,1.953636322021484375e+02
1.801390949442620979e+02,7.267721636886163594e+01,6.828482055664062500e+01
4.581974798774323432e+01,5.666598449384531477e+01,2.616604995727539062e+01
2.689929735181663091e+02,2.787522885997976800e+02,3.020130310058593750e+02
1.983604185954236243e+01,2.337836693669181543e+01,5.893963623046875000e+01
-4.626525650646431131e+01,-4.328284789650677311e+01,-1.403284759521484375e+02
1.137783755273351858e+02,1.135702550576446583e+02,7.418900299072265625e+01
-3.806341422346772418e+01,-4.322132288092731756e+01,-5.778366088867187500e+01
1.410664115412425588e+02,1.502261887242079013e+02,9.900519561767578125e+01
1.647849820165384358e+02,1.453737415932195916e+02,1.381486511230468750e+02
-2.998666566521077357e+02,-2.925069711770645426e+02,-3.015419006347656250e+02
5.386858813965073978e+01,1.072968571852119481e+02,1.204393386840820312e+02
4.696954304168194199e+02,3.895149838006424829e+02,3.437381591796875000e+02
2.538150840467132241e+01,7.981919545994378495e+01,6.721850395202636719e+00
3.842978032777717772e+02,4.140075921371228560e+02,4.499006652832031250e+02
2.239720927310502248e+02,1.873149506097650487e+02,2.450519561767578125e+02
-2.025780694884124387e+02,-2.327440189475069019e+02,-3.384624328613281250e+02
-7.524371875750978234e+01,-3.677603748395235783e+01,-1.140282821655273438e+02
-8.479153213390476651e+01,1.228124061546355783e+00,-2.256564521789550781e+01
2.601854098860287081e+02,2.370776538274747907e+02,1.877314605712890625e+02
2.568251678560462210e+02,1.571841181711646414e+02,2.531151733398437500e+02
-7.458597789023369273e+01,-6.489828208466721549e+01,-6.303835678100585938e+01
2.220642226072091034e+02,2.057221418295551985e+02,3.251941528320312500e+02
3.435120472242044229e+02,2.808939111265140127e+02,3.108756713867187500e+02
3.580313482796858437e+01,5.107754087951777677e+01,-2.548786163330078125e+01
4.518735464769054033e+02,2.383717441705666147e+02,2.909321289062500000e+02
1.093104145211335378e+02,7.230283533174096533e+01,3.206393432617187500e+01
1.779663851797523648e+02,1.113223008177575508e+02,9.817285156250000000e+01
6.728998283741319142e+01,3.259081425416079014e+01,1.074159336090087891e+01
-1.530033434362577793e+02,-1.562215270959638360e+02,-1.088846054077148438e+02
2.596246121294242926e+02,2.244820829312994022e+02,1.988168640136718750e+02
-1.542340057633882964e+02,-1.202536099156794620e+02,-1.035878601074218750e+02
2.536608470816328804e+02,1.725599515759123221e+02,2.503911437988281250e+02
4.446087014028153561e+01,-3.165107708400526576e+01,-3.193748664855957031e+01
2.060708785538149925e+02,1.642740474181892978e+02,1.953019714355468750e+02
-7.226483951994352140e+01,-8.063138220998362726e+01,-7.268887329101562500e+01
-1.231587515982937475e+02,-1.060167497918432389e+02,-1.232932357788085938e+02
-1.611294694569600665e+02,-1.072063162352644916e+01,-6.594403839111328125e+01
6.353097434918002762e+01,-3.829349207794507493e+01,-3.795832061767578125e+01
-3.393417324180691708e+02,-2.505494952003154481e+02,-2.941235656738281250e+02
-1.196557942034929027e+02,-7.463515589921880178e+01,-1.381320648193359375e+02
7.561137463692818983e+01,5.715684607310149090e+01,1.360214996337890625e+02
-9.888681945926559536e+01,-9.869666662190871875e+01,-1.240432128906250000e+02
1.170540005465272628e+02,1.472599385426782987e+02,8.386328887939453125e+01
-3.266945264866191678e+02,-2.566209431846421580e+02,-2.934233093261718750e+02
3.845336818098574554e+02,3.231816350814231100e+02,3.583150939941406250e+02
-6.176285753612517482e+01,-2.876011625882043177e+01,1.583157825469970703e+01
4.297799038933563338e+02,3.125074465926975336e+02,3.191387939453125000e+02
1.401891615192364782e+02,1.975444149078890064e+02,1.952797546386718750e+02
2.135220737117670069e+02,1.927707401004060728e+02,1.446957092285156250e+02
6.328291441973736653e+01,-1.814653259796254758e+01,1.126287651062011719e+01
1.767398169801305698e+02,7.599728507949772904e+01,1.508534088134765625e+02
-1.369064858843432431e+00,-5.222143459425226553e+01,3.701263666152954102e+00
-3.167980700608193700e+00,2.565131934003960623e+01,6.677137756347656250e+01
1.176061340836891844e+02,1.599552295006297697e+02,1.320326232910156250e+02
1.175647122157968454e+02,1.019045798233870102e+02,1.653294982910156250e+02
1.327023958865029840e+02,8.106993905350309149e+01,5.511745834350585938e+01
1.353996958574250016e+02,1.388969830326556689e+02,9.950576782226562500e+01
-1.185533933866550456e+02,-8.650552763915304411e+01,-1.026295852661132812e+02
-6.223990944071974951e+01,-4.625548772133559794e+01,-7.091139984130859375e+01
4.214180849644915128e+01,-1.063887447389110008e+02,-1.861990165710449219e+01
-3.686685008137940258e+02,-4.006871812948282923e+02,-4.337951660156250000e+02
2.951772241016190179e+01,1.715056363967215347e+01,1.733290481567382812e+01
-1.970964873271263400e+02,-1.729788498995048656e+02,-1.738875122070312500e+02
2.577066101590241374e+02,2.267945637102473029e+02,1.977880706787109375e+02
3.303179473085016866e+02,3.622427779003080559e+02,3.194566040039062500e+02
-1.108811490892168194e+02,-9.537590974765751639e+01,-5.603706359863281250e+01
2.647302538432490451e+02,2.377225956591740328e+02,2.005841217041015625e+02
1.497014680455750408e+02,2.046392947302634866e+02,1.333409118652343750e+02
-6.774312469891729904e+01,-4.023847794654314924e+01,-4.840427398681640625e+01
-8.661165666480516734e+01,-1.464367306976874659e+02,-1.501061553955078125e+02
-3.582370374707199403e+02,-2.740842922808388948e+02,-2.234116821289062500e+02
2.003628241195979456e+02,1.625647608094255645e+02,1.902926940917968750e+02
1.802603165279948598e+02,1.578231249816354591e+02,1.176630325317382812e+02
-9.336552690784941433e+01,-1.095632025065630586e+02,-7.605986022949218750e+01
1.068889470694331436e+02,1.364684962922374325e+02,1.428155059814453125e+02
2.659684165911154992e+02,1.582127218564018563e+02,1.206271667480468750e+02
1.825230425520982465e+02,1.279308182670053782e+02,1.226260147094726562e+02
1.901857380896212817e+02,1.328829042394911255e+02,1.663065032958984375e+02
1.748627751731906415e+02,9.181308790633357830e+01,1.660361938476562500e+02
8.896838980066551983e+01,9.090049302780769835e+01,7.639587402343750000e+01
-2.770141942703024824e+02,-2.700924459813941780e+02,-3.788946228027343750e+02
2.947519241694718630e+02,2.631969938914768363e+02,2.933620910644531250e+02
5.650541044779976829e+01,7.465923658525387907e+01,3.968997955322265625e+01
-1.903437109032437320e+02,-2.218311435550046724e+02,-1.974152679443359375e+02
-3.061431140167351259e+02,-2.977015687252846305e+02,-2.534829864501953125e+02
5.874989906598020184e+01,1.089594184025043404e+02,6.886898803710937500e+01
-5.750898849865370721e+02,-3.885195194159676930e+02,-4.360327148437500000e+02
1.228933577664036676e+02,1.032498916862493559e+02,8.878666687011718750e+01
8.428188685814941294e+00,1.052764655094365764e+02,8.539682769775390625e+01
-2.974011599738631162e+02,-2.634007413685433221e+02,-3.114040222167968750e+02
1.363789298958803897e+01,1.284646533373381594e+01,2.673395729064941406e+01
-8.614383905636427130e+01,-6.068590240635305122e+01,-9.462140655517578125e+01
3.294174814638586923e+01,3.360587290045411635e+01,-2.847634887695312500e+01
1.417369310151715069e+02,1.285122925347827731e+02,3.803195953369140625e+01
4.680370103440569807e+01,1.419885409584349389e+01,1.017303161621093750e+02
-2.920103790121036980e+01,3.221495298886959091e+01,3.927987289428710938e+01
1.413886866161300588e+02,1.657224212993766628e+02,1.355573120117187500e+02
-2.457564447753558454e+02,-2.926359238990569338e+02,-2.714364013671875000e+02
-2.742536988989597262e+02,-2.124263845893872826e+02,-1.885255432128906250e+02
-1.067222478198373352e+02,-1.112797977681224211e+02,-8.723057556152343750e+01
-1.478859832412881019e+02,-1.841869606412326448e+02,-3.129602432250976562e+01
-5.353800749621274946e+01,-4.047044316664265295e+01,-4.605051422119140625e+01
-2.592204471625203155e+02,-1.679273811744557179e+02,-2.696550292968750000e+02
-1.543216878305405828e+02,-6.262589388033642024e+01,-6.017210388183593750e+01
-1.843381158623902252e+02,-1.630017133688699857e+02,-1.968243560791015625e+02
-1.744303827953922621e+02,-1.524800677982529749e+02,-9.341993713378906250e+01
1.046828298452670225e+02,1.186675291203481493e+02,7.955079650878906250e+01
-6.055136319599231598e+01,-1.058696781157790667e+02,-3.965355300903320312e+01
-7.519116698769599338e+01,-6.635687211414888509e+01,-8.882384490966796875e+01
-2.371503366339769627e+02,-2.505849453348158136e+02,-1.897996063232421875e+02
1.784760244506468894e+02,1.963836445558177672e+02,2.258731842041015625e+02
-2.158188192514950643e+01,-1.746512814353813070e+01,-4.169829177856445312e+01
-9.304819853114111083e+01,-1.158279122530755245e+02,-9.934662628173828125e+01
2.229052653540442019e+00,-3.921224476055355979e+01,-8.443614196777343750e+01
-1.206799589546053042e+01,-1.332462061180570601e+01,4.694417572021484375e+01
-1.743641454858653503e+02,-1.307606238051440357e+02,-1.543895111083984375e+02
-4.832040444310040783e+01,-3.156961689149566652e+01,3.384590148925781250e+01
-6.275000942685328909e+01,-3.251034343330874776e+01,-6.635440063476562500e+01
2.355778793103684166e+01,7.370901578799239928e+01,3.633506393432617188e+01
3.123079967038721350e+01,3.434063732028469929e+01,7.423060607910156250e+01
-1.494966091174845531e+02,-1.750561249921992442e+02,-2.036423339843750000e+02
-3.547898893110763083e+02,-2.798523329561210176e+02,-3.099912414550781250e+02
3.640376753580042646e+01,6.255850985784518770e+01,5.828886413574218750e+01
3.165602588927316674e+02,2.914172675035676434e+02,2.751458129882812500e+02
-5.697997922074016230e+01,-3.288521279498223748e+01,-1.426610279083251953e+01
1.370428909438040250e+02,8.108507809990986459e+01,8.917833709716796875e+01
-2.211998768666809383e+02,-1.964337851686739214e+02,-1.720528564453125000e+02
-2.323520379995037999e+01,2.311961856674516369e+00,4.336038589477539062e+00
1.938220096592568211e+02,2.650710744592263950e+02,2.577181701660156250e+02
-2.852145465131073934e+02,-2.367438678343131073e+02,-2.550053100585937500e+02
-5.911616336783271919e+01,-2.447840940725495074e+01,2.280643081665039062e+01
1.270967538021341596e+02,9.513039278502023421e+01,1.979024353027343750e+02
-4.067168343918742721e+02,-3.438579577013724702e+02,-3.566694641113281250e+02
4.459613229447052731e+02,3.638983466474252850e+02,3.953318176269531250e+02
-1.411419522004682960e+02,-1.197014656719295687e+02,-1.877382965087890625e+02
-3.418506042237874567e+02,-2.879461470004804369e+02,-2.064181823730468750e+02
-4.123922553008334830e+02,-2.857136439244200119e+02,-4.212891540527343750e+02
-3.561258312095233691e+01,1.331200767366498461e+01,-4.278625106811523438e+01
2.805853320199597078e+02,2.736861802874371392e+02,2.790588989257812500e+02
-3.882558103561062239e+02,-3.357410557005129590e+02,-3.431235961914062500e+02
-1.949004786646528942e+02,-1.631711018829839475e+02,-1.432519073486328125e+02
1.021982254672066119e+02,5.047494064553772830e+01,4.179786300659179688e+01
2.195645379874374612e+02,2.408200410160066269e+02,1.987538299560546875e+02
-2.269325463358012485e+02,-2.052559489282110974e+02,-2.101953277587890625e+02
-2.278600173689009694e+02,-1.554164931728202248e+02,-1.939858245849609375e+02
-2.094808132085919397e+02,-1.387365812822755800e+02,-1.077916336059570312e+02
-4.298577164287858210e+01,-4.585210147218881538e+00,-6.628733825683593750e+01
-8.444742177386235937e+01,-1.133664467881114177e+02,-5.470650863647460938e+01
1.976554054248846057e+02,1.178191932496182801e+02,1.597959136962890625e+02
-1.349192298687161724e+02,-7.924168483272943320e+01,-1.061340332031250000e+02
4.099699219919656912e+02,3.712162012509017472e+02,3.611592712402343750e+02
-1.649881652291726084e+02,-1.337203065948590108e+02,-1.416184844970703125e+02
1.181951766469143905e+02,7.863224830087573025e+01,1.372578887939453125e+02
-1.097524624318464816e+02,-6.303381282376662398e+01,-1.204137039184570312e+02
2.199213985110278600e+02,1.935463871798995115e+02,1.245529327392578125e+02
9.412739604940296090e+01,9.644419269032663067e+01,9.079509735107421875e+01
1.697886328312191893e+02,1.807241089764411583e+02,1.457360839843750000e+02
2.232107065653234557e+01,5.187243452162724111e+01,4.261943054199218750e+01
1.010260835041790699e+02,1.478319410086236587e+02,1.755514526367187500e+01
1.769946529423527011e+02,1.465822407737489641e+02,1.585101470947265625e+02
4.966648545826512873e+01,1.143366540980556181e+02,1.577970275878906250e+02
6.044660889258349243e+02,4.652915867738730071e+02,4.318693847656250000e+02
4.183916532584344736e+02,2.770182504494976570e+02,2.669660339355468750e+02
6.837830849258162402e+01,-1.680220470222755225e+01,6.804094696044921875e+01
4.041215373168960809e+02,2.661100292123692839e+02,2.325634765625000000e+02
2.533905319446343753e+02,2.053239105426272886e+02,2.194093933105468750e+02
3.536137322386113624e+02,2.809638550077119703e+02,3.143963317871093750e+02
-2.103530684335535170e+02,-2.522142627963677910e+02,-2.104125061035156250e+02
1.690603865491822546e+02,1.676459031474896619e+02,9.667176055908203125e+01
8.964837430072346081e+01,6.362549022250159680e+01,7.412464141845703125e+01
-2.604558485446382861e+02,-1.801283177635216362e+02,-2.181882324218750000e+02
2.112480504483937338e+01,-1.852276854295460851e+01,1.010476589202880859e+01
-7.624138662109909603e+01,-5.145565469471429765e+01,-9.693097686767578125e+01
1.212777380321954155e+02,1.342860683664396220e+02,1.178666915893554688e+02
1.129314984356545466e+02,5.132455469762869171e+01,7.674919891357421875e+01
1.951309326364231822e+02,1.898479179075840193e+02,2.173182525634765625e+02
2.398264787425289342e+02,1.765943719165146604e+02,1.319990234375000000e+02
3.957965518662470572e+01,3.862510471937682155e+01,1.044654922485351562e+02
-1.377111294994775506e+02,-1.726997406574012359e+02,-1.093641128540039062e+02
1.884811552770757714e+02,1.794498516307924376e+02,1.589442749023437500e+02
-3.701432237900954760e+02,-2.645071135302960670e+02,-3.097471618652343750e+02
6.837793091902635467e+01,6.582510046696032191e+01,8.639424896240234375e+01
1.843003024473902585e+01,3.301473663750729770e+01,4.999661636352539062e+01
3.256531366708801301e+01,-4.244532423806294474e+00,2.699786376953125000e+01
-2.639236084795757620e+02,-2.605960242259018287e+02,-1.468495025634765625e+02
2.647723794445432191e+02,2.576053336246286563e+02,2.429789123535156250e+02
1.551947966701389134e+02,1.149618024400005112e+02,1.783906555175781250e+02
-3.563335009174867452e+01,-1.309830686153031643e+01,-5.267975997924804688e+01
-6.079283923882393026e+01,-4.725649530752779981e+01,-4.115949249267578125e+01
2.927607071984671165e+02,2.553805808086147806e+02,2.500843505859375000e+02
3.226513855068834005e+02,2.720987809191089468e+02,2.432426147460937500e+02
-4.197384884844387187e+01,-7.292682017978425790e+01,-1.013240509033203125e+02
-2.503804737543783290e+02,-2.617515179625012252e+02,-1.968242187500000000e+02
-2.540160323529998436e+02,-2.614048191537967227e+02,-1.945731048583984375e+02
1.475578400120757578e+02,1.075156345464538958e+02,8.925255584716796875e+01
-1.622170456251526360e+01,-2.339805901056029569e+01,-1.031955413818359375e+02
-2.286125047748658545e+01,-3.585437393693823083e+01,-2.357121276855468750e+01
1.533612991166797945e+00,5.283999419709800804e+01,5.715403747558593750e+01
-3.958355966982000496e+01,-6.702809673976948091e+01,-4.980775070190429688e+01
-6.493985928358378601e+01,-8.127561185568154656e+01,-1.062627105712890625e+02
-2.259616000335912531e+02,-2.481768576088314546e+02,-1.795935974121093750e+02
5.718300510345491006e+01,1.269535897000392026e+02,7.775714111328125000e+01
-1.053383588655353975e+02,-1.267258941639972250e+02,-1.167921905517578125e+02
1.229563015248116500e+02,9.232984932774142806e+01,8.722091674804687500e+01
5.987206527558335978e+01,-2.275470437738166929e+00,7.665645599365234375e+01
7.143778635955105472e+01,5.140078700387827126e+01,7.419812774658203125e+01
-1.042020096216065284e+01,2.650444735011017627e+01,-3.267177581787109375e+01
3.625384382317794802e+02,3.697360418729315938e+02,3.170256042480468750e+02
-6.001076769707479386e+00,5.764583917597014828e-01,-3.417852401733398438e+01
-9.668227935287632135e+01,-1.270546942572820228e+02,-6.739241027832031250e+01
6.586890524100560640e+01,7.310996063561954372e+01,9.165288543701171875e+01
-3.922565715925362184e+01,-4.311850927798682420e+01,-3.601051330566406250e+00
2.089561267314482791e+02,2.031589142188165624e+02,1.601321716308593750e+02
-4.326785181098984623e+01,2.260086152441142815e+01,6.717606544494628906e+00
3.085913678375686118e+02,2.814643480200665522e+02,2.343352050781250000e+02
2.367932498943526696e+02,1.246186703861365999e+02,1.846109924316406250e+02
-6.312530634188981793e+01,-2.068345264224717539e+01,-6.050989913940429688e+01
-5.998193388575563034e+01,-7.489869114957073748e+00,5.682143783569335938e+01
-3.263320847045826554e+02,-3.192859168020446532e+02,-3.082860412597656250e+02
-2.049443615789481044e+02,-1.266588928448888396e+02,-1.475881805419921875e+02
-7.283601966438129693e+01,-7.467620986579382247e+01,-7.637712097167968750e+01
5.731752903186843469e+02,4.758300794244257759e+02,4.530443115234375000e+02
-6.569769965358517538e+01,-1.235832106360875997e+02,-7.888434600830078125e+01
-1.092849114147095975e+02,-1.171868791949315778e+02,-1.487452850341796875e+02
-2.490363854062110249e+02,-1.718530454264208629e+02,-8.863417053222656250e+01
3.326849836883482681e+02,2.241348465528246265e+02,2.385129241943359375e+02
2.116244744864648624e+02,1.766176839651386672e+02,2.070034790039062500e+02
-1.343518850541064182e+02,-1.614080603931515157e+02,-1.464182281494140625e+02
-4.706014734482743656e+00,3.157158166870963711e+01,-1.104467582702636719e+01
-3.131970891113359130e+02,-3.146000053907214919e+02,-3.177815246582031250e+02
-3.284214374534466430e+01,-4.268472652030139614e+01,-6.859142780303955078e+00
8.714085895564370787e+01,4.585767622397692378e+01,7.491590118408203125e+01
2.686360681960896724e+00,-4.509907139371620133e+01,-6.707907867431640625e+01
-4.534455801328967794e+01,4.530637802701204464e+01,1.764760398864746094e+01
1.372400226106118915e+01,2.377305797853038882e+01,4.778924942016601562e+01
5.797967024345424214e+00,4.442758574653487358e+01,-4.639855194091796875e+01
-2.217665750850017332e+02,-2.304459807007072243e+02,-1.926359100341796875e+02
1.368671369184204991e+02,8.272024300252266471e+01,1.323418121337890625e+02
-2.400213108928152508e+02,-2.077328880195707086e+02,-2.781972656250000000e+02
3.257318215928755194e+02,2.217258388210170210e+02,3.123267517089843750e+02
8.632626252817834711e+01,4.883615781616619955e+01,9.211824798583984375e+01
2.834455712012746744e+02,2.207535436071440245e+02,2.735980224609375000e+02
1.172356741725441935e+02,1.344801198004236085e+02,9.563356018066406250e+01
-8.756993699694216815e+00,-1.928914137036461796e+01,-7.856387329101562500e+01
-2.701596994384677259e+02,-1.528346054993151597e+02,-1.780208129882812500e+02
2.222468624248666629e+02,1.998873203216330978e+02,2.367328338623046875e+02
2.569620112505951965e+02,2.696550644903439320e+02,2.746274414062500000e+02
5.495973765632560770e+01,1.966456573994509682e+01,2.560614395141601562e+01
-7.165602187311098881e+00,6.280494255779792923e+00,-3.148814392089843750e+01
2.461645681533235575e+02,2.429635650916556244e+02,2.539983520507812500e+02
2.121931197612888695e+02,1.745406523978109306e+02,1.843390350341796875e+02
1.288623185193716836e+01,-1.624923986754064487e+01,3.279663467407226562e+01
2.796781234345564826e+02,2.700231139020780233e+02,3.592659606933593750e+02
1.068022760421330730e+02,9.876719678686713166e+01,1.171069412231445312e+02
-1.764687814551968188e+02,-1.989889059642532061e+02,-2.260575561523437500e+02
-1.008432543555764482e+02,-1.645390570692241567e+02,-1.068714294433593750e+02
-2.384400336009707644e+01,2.251670918753013240e+01,4.910289382934570312e+01
6.026723636727081868e+01,3.671167792795353790e+01,3.839464950561523438e+01
-5.239621546873608793e+01,9.226362072647830814e+00,-1.395965194702148438e+01
-2.170299546379799267e+02,-1.970846623042851036e+02,-2.126817321777343750e+02
-2.314000782405328493e+02,-1.735015971246639879e+02,-1.469899597167968750e+02
-5.843566343111070864e+02,-4.794438388567477318e+02,-4.602295532226562500e+02
2.068085560105960496e+02,1.566945907076943740e+02,2.161685943603515625e+02
2.051214495174087631e+02,1.573770212792090604e+02,1.665019683837890625e+02
-2.886539353947166120e+01,-3.810556735048855614e+01,-6.751671600341796875e+01
-5.040887656275270388e+02,-3.469824798503774446e+02,-3.926996459960937500e+02
1.789231187638769995e+02,9.604391232378731047e+01,1.557471008300781250e+02
1.534225151720350055e+01,1.348406536473594386e+01,5.216078567504882812e+01
-2.883574402629802762e+02,-3.038697224188604196e+02,-2.686426086425781250e+02
3.615318648026894266e+02,3.410253678596245095e+02,3.850202331542968750e+02
1.845135185488286140e+02,1.859293484655642317e+02,1.778111877441406250e+02
2.476302546697026514e+02,2.067162278603842083e+02,2.926799926757812500e+02
2.281011771244029376e+02,2.159249688997164469e+02,2.464304504394531250e+02
-2.378342397740179948e+01,8.012205801006935246e+00,-2.567610168457031250e+01
6.331173602148497537e+01,-2.763552167806483695e+01,8.886493682861328125e+01
-1.124147913992246970e+02,-1.932384211457973606e+02,-1.931474761962890625e+02
-4.075105187881048892e+02,-3.242256951108954581e+02,-3.384272766113281250e+02
-2.322019731265110067e+02,-1.934943556481200346e+02,-1.785683135986328125e+02
-1.482730381283285510e+02,-1.504245204756731198e+02,-7.320014953613281250e+01
6.090126441454403050e+01,4.123964384103420144e+01,-3.438899230957031250e+01
4.046676463443586158e+02,3.998600902903864380e+02,3.486834716796875000e+02
-9.437093036411012292e+01,-3.862714107364265459e+01,-1.977148628234863281e+01
2.710437447427403157e+01,-5.742966210355866963e+00,4.840403747558593750e+01
1.635645364594109026e+02,1.932372109873774946e+02,1.966650848388671875e+02
-2.343895284999093747e+02,-1.266913567956592459e+02,-1.767138977050781250e+02
8.859546110815978182e+01,4.301128776056465597e+01,3.309110641479492188e+01
-1.682252687516134699e+02,-1.469833976579664068e+02,-1.100355682373046875e+02
2.286346552468332334e+02,1.647685466445372526e+02,2.180248107910156250e+02
1.252528503922893321e+02,8.910917457781154383e+01,1.605612335205078125e+02
1.552023974927896006e+02,1.394550706576370942e+02,1.552497253417968750e+02
-2.718965274603282367e+01,3.954937688463694201e+01,1.472997474670410156e+01
6.803291356624836794e+01,9.744580806135770956e+01,1.146564865112304688e+02
1.079460700335534824e+02,1.341887671341948760e+02,1.211929550170898438e+02
-2.608527727329469315e+01,4.584938056669930262e+01,-3.030143165588378906e+01
-8.553446225947611481e+01,-3.424627961396359410e+01,-8.059392929077148438e+00
-2.533669018785050469e+02,-2.647230713342587478e+02,-2.479736785888671875e+02
1.182974288441312041e+02,6.272117764973266674e+01,1.410447387695312500e+02
-2.850514858773877336e+02,-2.659226127802745054e+02,-2.900874633789062500e+02
-2.153776533032273477e+01,-3.394741625077737979e+01,-3.235988235473632812e+01
4.982856800302871534e+02,3.836381978469053706e+02,4.219585571289062500e+02
1.268957902933466642e+02,1.120451591367883850e+02,-1.170446395874023438e+01
1.482369299004430907e+01,3.436402361950590745e+01,1.416465759277343750e+01
-3.044421433179902579e+02,-2.725721543829907318e+02,-3.219039611816406250e+02
-1.787620987164245889e+02,-1.319885525859495203e+02,-4.367748641967773438e+01
-4.011402873713145141e+02,-4.324358372194276967e+02,-3.663992919921875000e+02
-9.893100467013023547e+01,-1.080927693128359550e+02,-1.113116760253906250e+02
-1.010012214260545420e+02,-7.299286727027264021e+01,-8.170162200927734375e+01
9.785356811201681637e+01,1.370866075684943723e+02,1.253525772094726562e+02
-3.992453396942303812e+02,-3.718125663421643026e+02,-3.394318542480468750e+02
1.539133005691808762e+02,1.737945299729526596e+02,1.603794708251953125e+02
-2.876346888575998264e+02,-2.393466397326610320e+02,-2.681315612792968750e+02
-1.949814976371031605e+02,-1.349271783394795818e+02,-7.021887969970703125e+01
1.578354237715667807e+02,1.547407070010592918e+02,1.653171691894531250e+02
-1.948910783589987545e+02,-9.464872105124531743e+01,-1.462941131591796875e+02
2.724502237323168288e+02,2.366481477027897142e+02,1.867334899902343750e+02
-1.427827683338832543e+01,3.065722773350318064e+01,2.130875587463378906e+01
1.881819524131322225e+02,1.864391422450289326e+02,1.589893341064453125e+02
1.502024210933293489e+02,1.467490270232902390e+02,1.488100585937500000e+02
1.443427854119497340e+02,1.376017692197168856e+02,3.806914901733398438e+01
-4.820522846345619996e+02,-3.647149238489284926e+02,-3.397857971191406250e+02
-4.829398671227684758e+01,-6.524854005961138625e+01,-9.665330886840820312e+00
-1.539375592284274852e+01,-7.913091185414949713e+00,3.001659774780273438e+01
6.066891746302856347e+01,8.580084200284387563e+00,3.991068649291992188e+01
1.539986259677239744e+01,-5.867140062013803004e+01,4.546184539794921875e+01
-1.246311144931505481e+02,-1.356410841626322394e+02,-1.202692031860351562e+02
-9.058593487864619931e+01,-7.062968998171942303e+01,-7.580466461181640625e+01
-1.799643781671105955e+02,-1.755086360457828505e+02,-1.302602386474609375e+02
1.917746432226317665e+02,1.217640915164170536e+02,1.658983612060546875e+02
2.519744378283194237e+02,2.890612486552898872e+02,2.676662902832031250e+02
-1.406492817952527332e+02,-7.414269835800321573e+01,1.816255378723144531e+01
-8.950841006722907878e+01,-3.595060175193928131e+01,-1.178914642333984375e+01
1.048296965448663940e+02,1.239398225402626537e+02,1.048105545043945312e+02
-3.109170147789612315e+02,-2.602908491447185497e+02,-2.970075683593750000e+02
1.723461756934972868e+02,1.989767332103158424e+02,2.683848266601562500e+02
2.727410740148102946e+02,2.391418461458489162e+02,2.686660766601562500e+02
1.497748523015072806e+02,1.481143370124588330e+02,1.489880218505859375e+02
1.710101664003643052e+01,2.195421767556155856e+01,6.629393768310546875e+01
2.150718697866570324e+02,1.850227668496254694e+02,2.223242797851562500e+02
-1.236505414239959180e+02,-1.451548154155443626e+02,-1.246609573364257812e+02
-3.822234553931177459e+01,-1.016443327350892361e+02,-1.097552566528320312e+02
-2.310406077832177232e+02,-1.848747988713707855e+02,-2.883876037597656250e+02
5.162683401642163261e+01,2.762148334049524934e+01,-2.823778152465820312e+01
-1.671235641629333770e+02,-1.339386082253860764e+02,-1.345408782958984375e+02
4.558892887718410236e+01,4.146838604996751343e+01,7.359705352783203125e+01
1.597796600045709852e+02,1.018945761943623864e+02,1.834664001464843750e+02
-6.475236831066709442e+01,-3.642964556969765511e+01,-5.917292785644531250e+01
8.851574750525724511e+00,-1.516442816492898515e+01,-1.234358215332031250e+01
2.411211748393066756e+01,-3.626868760365154287e+01,-1.585091209411621094e+01
7.389490109333628709e+01,3.002749883667035657e+00,3.260635757446289062e+01
4.372636818777008472e+01,5.141814492246353296e+01,-9.276700973510742188e+00
1.449447806100744742e+02,8.673234453768054664e+01,8.440731811523437500e+01
-1.591995773151277831e+02,-1.800154593314888984e+02,-2.021474761962890625e+02
1.477630354902431691e+02,3.601333262668379831e+01,6.936285400390625000e+01
-4.880840247486297585e+02,-4.094666396749086630e+02,-3.962438964843750000e+02
-1.148692153165797549e+02,-9.111911994025975048e+01,-6.341938781738281250e+01
-6.215851438789118788e+01,-4.024084061623278075e+01,-5.340030670166015625e+01
4.713794991268966328e+01,9.274654771338671821e+01,6.872848510742187500e+01
-1.798254805224134145e+01,-3.951180053903104294e+01,2.698586845397949219e+01
-1.607920374904273046e+02,-1.488114429845994664e+02,-1.036320571899414062e+02
-8.140307591803802723e+01,-7.156195821503514765e+01,3.326265573501586914e+00
1.020028199903049000e+02,1.216498719888705011e+02,9.070610046386718750e+01
-9.222765559623503862e+01,-1.135133553355027090e+02,-1.446548156738281250e+02
6.736106603776848090e+01,1.290083868248950694e+02,9.342929840087890625e+01
4.636560542910449101e+01,4.848802473508172284e+01,9.744307708740234375e+01
-1.309767682024730391e+02,-1.037101762082835563e+02,-1.740384826660156250e+02
7.815178428152530898e+01,5.169599766426023280e+01,1.051177673339843750e+02
-6.988982883677357449e+01,-1.237118435933378606e+02,-9.684352111816406250e+01
3.347731587569642286e+00,-5.817325737290190979e+00,-1.919836616516113281e+01
-3.086727540385965085e+02,-2.718782172431207300e+02,-3.454687500000000000e+02
3.081219079349014578e+02,2.580711992258923715e+02,3.227787475585937500e+02
3.483890419555975626e+01,1.615048332989256252e+01,1.524902725219726562e+01
1.270417983518047009e+02,1.514117978416923052e+02,1.309009399414062500e+02
1.611895997991397849e+02,7.142863439163531325e+01,1.097271041870117188e+02
-9.160442949462429851e+01,-5.005869419354566219e+01,2.017601585388183594e+01
-3.365525106601378980e+01,-2.997086108336253574e+01,-7.716712188720703125e+01
1.622962341530445087e+02,1.499793498959766396e+02,8.879953002929687500e+01
2.891965968045717545e+02,2.517438106744290280e+02,2.906543884277343750e+02
-5.738673497241122590e+01,-8.392885301094838724e+01,-1.001595535278320312e+02
1.660599105393212227e+01,-2.948905723603987639e+01,-2.654055595397949219e+00
-3.663975917177324959e+01,2.474851024879605532e+01,5.636793899536132812e+01
-3.667213057793375128e+02,-2.734036066087832069e+02,-3.166933898925781250e+02
1.667023960784250960e+02,1.173670665115265308e+02,1.323735656738281250e+02
2.037287790928611741e+02,1.366851072093567723e+02,1.839161071777343750e+02
-1.322098309614261211e+02,-1.176152074187243386e+02,-1.859138679504394531e+01
3.625288072483415363e+02,3.044474177963512034e+02,2.939042358398437500e+02
1.510654947533689096e+02,1.228035305723657586e+02,2.055423889160156250e+02
-5.132843139469260052e+01,-4.329390519049065489e+01,-4.139020919799804688e+01
4.268136826488541828e+02,3.629057129357040026e+02,3.978531799316406250e+02
2.863692409022429501e+02,2.006880107749204001e+02,2.365476226806640625e+02
4.022531825589736343e+01,7.901187659157045573e+01,7.884787750244140625e+01
2.888627226540464790e+02,2.470417531801041946e+02,2.663536987304687500e+02
3.380698019420436822e+02,2.115040555409844956e+02,1.829271087646484375e+02
-1.619255554577921998e+02,-8.746228817562027302e+01,-6.747245788574218750e+01
-1.945962737959634481e+00,-1.454252086036350811e+01,-4.290182876586914062e+01
1.921631331722708182e+02,1.375884954007779299e+02,2.085192565917968750e+02
-6.920001449014029582e+00,-3.482632618265841273e+01,1.484607934951782227e+00
-2.548211628004602769e+00,-2.404198144561013706e+01,1.714362716674804688e+01
3.790443916375247113e+01,-2.589521512457372054e+01,-4.912800312042236328e+00
-1.274929113112839190e+02,-1.142809291727908203e+02,-1.673906250000000000e+02
2.275570060254552232e+02,2.656886572841701195e+02,3.264069213867187500e+02
-9.629745967353112235e+01,-6.957087254463215231e+01,-3.339075851440429688e+01
-1.314502355263906566e+02,-1.354667459231927467e+02,-8.098266601562500000e+01
-1.305290433789004112e+02,-8.672369314843405164e+01,-3.686545944213867188e+01
7.097208507131684030e+01,7.618991396936854699e+01,1.407579040527343750e+02
1.353961607562416134e+02,1.166616122370190709e+02,6.303458023071289062e+01
6.034609390145855912e+01,9.182040042416477377e+01,8.018590545654296875e+01
-2.219296805467196521e+01,-4.119344670678765397e+01,-6.256559753417968750e+01
-3.341561553162644600e+02,-2.790459050216689434e+02,-2.708721923828125000e+02
-1.377902468621571472e+02,-1.321206224366061690e+02,-1.739774780273437500e+02
3.569791859282584596e+02,3.146282329832714026e+02,2.602985839843750000e+02
1.083366113484308784e+02,1.332669634219816999e+02,1.494333801269531250e+02
3.068685314951777059e+02,1.898913211644979526e+02,3.136193237304687500e+02
2.345526568253048936e+02,2.191913208352172546e+02,1.933434906005859375e+02
2.885712848138221602e+02,2.055816274125884888e+02,1.593610076904296875e+02
1.726895289523290700e+01,-5.777737449720044793e+01,2.431769371032714844e+00
9.557658668226959264e+01,1.106208687803152202e+02,7.102870941162109375e+01
3.829432808935148955e+02,3.079456000965377598e+02,3.417900695800781250e+02
1.479885223091964122e+02,1.897220063644392667e+02,2.560494079589843750e+02
-1.136799019271168554e+01,8.557673506162576160e+00,5.244104003906250000e+01
-3.363500704944780182e+02,-2.439904136548890961e+02,-3.146213073730468750e+02
4.692093392734117856e+02,3.867948251504347468e+02,3.662477111816406250e+02
8.559241060309803117e+01,3.929326551953080582e+01,6.397729110717773438e+01
-1.902624067191349013e+02,-1.366798706178494456e+02,-2.269298858642578125e+02
8.993052675706124433e+01,1.679704659696287479e+02,1.514004669189453125e+02
-5.488110592852858183e+00,-9.465270169551015300e+00,3.403152084350585938e+01
1.368458169214520979e+02,7.784251623340958304e+01,-8.984646797180175781e+00
1.814996295566964193e+02,8.222973333497634485e+01,1.076274642944335938e+02
-1.885047474113942911e+01,-1.874483086085182393e+01,1.536370086669921875e+01
-2.257372090201283754e+01,1.266409888470398926e+01,-2.454157066345214844e+01
-1.466205501438106751e+02,-1.730938019586893688e+02,-1.989507293701171875e+02
-6.872905958312077246e+01,-1.872214481289080013e+01,-9.695355224609375000e+01
-8.491632611177669787e+01,-2.887811006683663351e+01,-4.037333679199218750e+01
1.094277368584530841e+00,2.767073415982879325e+01,1.495515918731689453e+01
-2.688765925960055370e+02,-2.338949868997869146e+02,-2.578038635253906250e+02
1.842816260514400426e+02,1.507075609926523896e+02,1.195417175292968750e+02
2.647337034365752970e+02,2.737208975528859014e+02,2.381579437255859375e+02
3.995642437229056299e+01,9.977768441120227649e+00,4.456417465209960938e+01
5.003151852558136170e+02,2.699871243846499169e+02,3.398639526367187500e+02
1.973267825372799393e+02,1.895908984650281752e+02,2.385419006347656250e+02
2.760807315946831864e+02,2.568407549153840819e+02,2.685286254882812500e+02
-2.165988745857525544e+01,-9.116120167918498396e+01,-4.267126846313476562e+01
1.054341187028707765e+02,1.095386418920163152e+02,1.376410675048828125e+02
-1.404490631053877223e+02,-1.544876357439855212e+02,-1.470724029541015625e+02
-1.197959877691977226e+02,-1.263249026144190594e+02,-1.075273132324218750e+02
-2.604001339109885862e+02,-2.479794633676102933e+02,-1.927619628906250000e+02
1.041456447774779974e+02,8.965812437597703877e+01,7.586931610107421875e+01
-5.363595778910804057e+01,-4.421337204491430839e+01,2.223932266235351562e+01
7.553373001758470195e+01,2.337287190290082606e+01,3.750019073486328125e+01
-1.243088345804174111e+02,-1.500519100753408566e+02,-1.098100128173828125e+02
-2.746211891051285647e+02,-2.349623322908688579e+02,-2.146342010498046875e+02
-8.968089573573720941e+01,-1.105421634586912489e+02,-9.827710723876953125e+01
-9.450245040605392433e+01,-5.391163788025596659e+01,-1.025695953369140625e+02
1.470894182992816468e+02,1.220338468956869917e+02,1.556999359130859375e+02
-2.651031579979575099e+02,-2.731569751219976183e+02,-2.486311645507812500e+02
-3.749618426266404185e+02,-3.131276148744163947e+02,-2.889145507812500000e+02
-2.510393223501887405e+02,-2.433616590089984584e+02,-2.235203552246093750e+02
-1.718153817956633702e+02,-1.682863685962832960e+02,-1.406829681396484375e+02
7.051594265983628418e+01,1.137202818374118749e+02,3.379002761840820312e+01
-2.701843740243363641e+02,-1.873498781293538116e+02,-2.325845947265625000e+02
-3.265127438300365839e+02,-3.090759793004085054e+02,-3.505206909179687500e+02
-4.899044587759077274e+01,-9.483248845826260265e+01,-1.755400085449218750e+02
9.580270640795714598e+01,1.286531762140395756e+02,1.251955642700195312e+02
1.704143451734991856e+02,2.120462103518327694e+02,1.866470489501953125e+02
4.500165136865448972e+02,3.743430899609397215e+02,4.141163024902343750e+02
-1.286500476604078358e+02,-9.967465032483320897e+01,-7.288958740234375000e+01
2.546510608759363858e+00,-1.513419642522097064e+01,1.635817337036132812e+01
3.263029153081203617e+02,1.530433689054985678e+02,2.370408935546875000e+02
4.286061048262421025e+01,-3.563462151785240906e+01,-2.876591110229492188e+01
7.361120227865858112e+01,5.950037110993914524e+01,7.256058502197265625e+01
-1.050745568823680287e+02,-1.843264511079022725e+02,-1.535531616210937500e+02
3.179486381916970004e+02,2.691708011956577025e+02,2.971663513183593750e+02
-1.839444568028660569e+02,-2.294146041751385781e+02,-1.909359893798828125e+02
-3.328703991326128744e+02,-2.826557483668043460e+02,-2.487538299560546875e+02
1.646947044909012732e+02,1.132360677990960767e+02,1.385945129394531250e+02
6.708908620679198975e+01,6.874015100501340214e+01,1.823559875488281250e+02
-2.197735691098682196e+02,-1.596040618338896877e+02,-1.603915252685546875e+02
-1.320034800698276172e+02,-9.543823784117385856e+01,-1.275563507080078125e+02
-3.431918565488923605e+02,-2.578034210818701695e+02,-2.590818176269531250e+02
2.141928606990776984e+02,1.310584315909156032e+02,1.889315795898437500e+02
1.343695024113024772e+02,1.119297308590701334e+02,5.613127136230468750e+01
-3.535261546867648121e+02,-2.757923854679021360e+02,-2.775194702148437500e+02
-1.073850815116293376e+02,2.157508667135027736e+01,-5.169543457031250000e+01
-5.436987106048581353e+01,-2.231873518295710568e+01,5.571567153930664062e+01
-9.304861532081233122e+00,-4.139332367562239767e+01,5.659383773803710938e+01
6.091619403556723711e+01,2.166471681466473598e+01,8.884401702880859375e+01
2.451258785038107249e+02,1.754591963040936662e+02,2.220879058837890625e+02
-1.342843170397789443e+01,-4.246551917864545089e+01,8.327715873718261719e+00
-1.233069978196725458e+02,-1.056826858200847425e+02,-1.228256149291992188e+02
-1.502509948451659909e+02,-1.327375992999494372e+02,-6.916543579101562500e+01
-3.728526955047074125e+02,-1.682000547917296274e+02,-1.057326202392578125e+02
-1.506396828352930939e+01,-8.233101334832387153e+00,-2.785297203063964844e+01
1.784197039657230448e+02,1.978714297348681725e+02,2.065576019287109375e+02
7.832551952285207619e+01,1.299798108444544198e+02,1.832406425476074219e+01
-1.614648721621286143e+02,-1.464118986857839388e+02,-1.284184875488281250e+02
-1.868608243413274295e+02,-2.312167892266527929e+02,-2.277906646728515625e+02
-2.558311147224704030e+02,-2.210654280399393201e+02,-2.334535675048828125e+02
-2.681583408252761842e+02,-2.226001371076513919e+02,-2.512991333007812500e+02
2.090162725754793200e+02,2.112998694627696068e+02,1.830100250244140625e+02
-1.017599121367079817e+02,-1.336972181438549114e+02,-1.718475341796875000e+02
1.195511563029052553e+02,1.351065576427930921e+02,1.997717742919921875e+02
3.142210023792541307e+01,9.092703560121040596e+01,1.218893527984619141e+00
-2.597792261551967385e+02,-2.264325581481886331e+02,-1.346454620361328125e+02
1.670573337201641948e+02,1.718057977358351138e+02,1.803563995361328125e+02
